v1.6.0,
v1.8.1,
v1.8.6,
v1.9.0,
v1.9.1,
v1.10.0,
v1.11.0,
v1.11.2,
v1.11.3,
v1.12.0,
v1.12.1,
v1.13.0,
v1.14.0,
v1.14.1,
v1.14.2,
v1.14.3,
v1.14.4,
v1.15.0,
v1.15.1,
v1.15.2,
v1.15.4,
v1.16.0,
v1.16.1,
v1.16.2,
v1.16.3,
v1.16.4,
v1.17.0,
v1.18.0,
v1.19.0,
v1.20.0,
v1.20.1,
v1.20.2,
v1.21.0,
v1.22.0,
v1.23.0,
v1.23.1,
v1.23.2,
v1.24.0,
v1.25.0,
v1.26.0,
v1.26.1,
v1.26.2,
v1.26.3,
v1.27.0,
v1.27.1,
v1.27.2,
v1.27.3,
v1.27.4,
v1.27.5,
v1.28.0,
v1.28.1,
v1.28.2,
v1.29.0,
v1.29.1,
v1.29.2,
v1.29.3,
v1.30.0,
v1.30.2,
v1.30.3,
v1.31.0,
v1.32.0,
v1.32.1,
v1.32.2,
v1.32.3,
v1.32.4,
v1.33.0,
v1.33.1,
v1.33.2,
v1.34.0,
v1.34.1,
v1.34.2,
v1.34.3,
v1.34.4,
v1.34.5,
v1.34.6,
v1.34.7,
v1.34.8,
v1.34.9,
v1.34.10,
v1.34.11,
v1.35.0,
v1.35.1,
v1.35.2,
v1.35.4,
v1.36.0,
v1.37.0,
v1.37.1,
v1.38.0,
v1.38.1,
v1.38.2,
v1.39.1,
v1.39.2,
v1.40.0,
v1.41.2,
v1.41.3,
v1.42.0,
v1.42.1,
v1.43.0,
v1.43.3,
v1.43.4,
v1.43.5,
v1.43.6,
v1.44.0,
v1.44.1,
v1.45.1
